year,country_of_production,country_of_production_iso2,port_of_export_name,hs6,exporter_name,exporter_group,highest_known_exporter_owner_group,importer_name,importer_group,highest_known_importer_owner_group,country_of_first_import,country_of_first_import_iso2,country_of_first_import_economic_bloc,production_region_id,production_region,mass_tonnes,mass_tonnes_raw_equivalent,fob
2020,COLOMBIA,CO,BUENAVENTURA,090111,RACAFE & CIA S C A,RACAFE & CIA S C A,RACAFE & CIA S C A,GUANGZHOU YONA IMPORT AND EXPORT CO LTD,GUANGZHOU YONA IMPORT AND EXPORT CO LTD,GUANGZHOU YONA IMPORT AND EXPORT CO LTD,CHINA (MAINLAND),CN,CHINA (MAINLAND),73411,LIBANO,0.276,0.2760102930193523,1040.52
2020,COLOMBIA,CO,BUENAVENTURA,090111,CIA CAFETERA LA MESETA S A,CIA CAFETERA LA MESETA S A,CIA CAFETERA LA MESETA S A,ROMANI AND CO S P A,ROMANI AND CO S P A,ROMANI AND CO S P A,ITALY,IT,EUROPEAN UNION,41396,LA PLATA,0.5808,0.580767183,2170.21
2020,BRAZIL,BR,SANTOS,210111,COCAM CIA DE CAFE SOLUVEL & DERIVADOS,COCAM CIA DE CAFE SOLUVEL & DERIVADOS,COCAM CIA DE CAFE SOLUVEL & DERIVADOS,WEE HOE CHENG CHEMICALS PTE LTD,WEE HOE CHENG CHEMICALS PTE LTD,WEE HOE CHENG CHEMICALS PTE LTD,SINGAPORE,SG,SINGAPORE,BRA.13.795_2,Simonésia,1.4506,1.813274261,14375.61
2020,BRAZIL,BR,SANTOS,090111,EISA - EMPRESA INTERAGRICOLA,EISA - EMPRESA INTERAGRICOLA,EISA - EMPRESA INTERAGRICOLA,ECOM JAPAN,ECOM,ECOM,JAPAN,JP,JAPAN,BRA.13.352_2,Inhapim,7.4918,7.491754854936705,18313.05
2020,BRAZIL,BR,SANTOS,090111,OLAM AGRICOLA LTDA.,OLAM,OLAM,AL HANEEN COFFEE,AL HANEEN COFFEE,AL HANEEN COFFEE,JORDAN,JO,JORDAN,BRA.8.34_2,Irupi,0.223,0.223036596,377.09
2020,BRAZIL,BR,SANTOS,090111,ED&F MAN VOLCAFE BRASIL,VOLCAFE,VOLCAFE,VOLCAFE USA,VOLCAFE,VOLCAFE,UNITED STATES,US,UNITED STATES,BRA.13.340_2,Ibituruna,1.5912,1.5912370095758774,3437.31
2020,BRAZIL,BR,SANTOS,090111,NICCHIO SOBRINHO CAFE S/A,NICCHIO SOBRINHO CAFE S/A,NICCHIO SOBRINHO CAFE S/A,NKG BERO ITALIA,BERO COFFEE,NEUMANN GRUPPE,ITALY,IT,EUROPEAN UNION,BRA.13.516_2,Nepomuceno,0.2013,0.20126368382258622,475.95
2020,COLOMBIA,CO,BUENAVENTURA,090111,SWEET LATITUDE S A S,SWEET LATITUDE S A S,SWEET LATITUDE S A S,STC NJ,STC NJ,STC NJ,UNITED STATES,US,UNITED STATES,19517,PÁEZ,0.1847,0.18472881617115572,895.97
2020,BRAZIL,BR,RIO DE JANEIRO,090111,TPJ COMERCIO ATACADISTA DE CAFE IMPORTACAO E EXPORTACAO LTDA,TPJ COMERCIO ATACADISTA DE CAFE IMPORTACAO E EXPORTACAO,TPJ COMERCIO ATACADISTA DE CAFE IMPORTACAO E EXPORTACAO,KONINKLIJKE DOUWE EGBERTS,JACOBS DOUWE EGBERTS,JDE PEETS,BELGIUM,BE,EUROPEAN UNION,BRA.8.28_2,Guaçuí,9.9972,9.997235790232109,22666.68
2020,BRAZIL,BR,SANTOS,090111,PRATAPEREIRA COMERCIO IMPORTACAO & EXPORTACAO DE CAFE,PRATAPEREIRA,PRATAPEREIRA,COMPLETE COFFEE LTD,COMPLETE COFFEE LTD,COMPLETE COFFEE LTD,UNITED KINGDOM,GB,UNITED KINGDOM,BRA.13.146_2,Carangola,1.2533,1.2533474691347375,2970.96
2020,BRAZIL,BR,SANTOS,090111,VELOSO CAFE DO CERRADO EXPORTACAO E IMPORTACAO LTDA - EPP,VELOSO CAFE DO CERRADO EXPORTACAO E IMPORTACAO LTDA - EPP,VELOSO CAFE DO CERRADO EXPORTACAO E IMPORTACAO LTDA - EPP,CONTINENTAL TERMINALS,CONTINENTAL TERMINALS,CONTINENTAL TERMINALS,UNITED STATES,US,UNITED STATES,BRA.13.207_2,Coqueiral,1.8944,1.8943943676177288,3992.44
2020,COLOMBIA,CO,BUENAVENTURA,090112,SELECTO EXPORTADORES S A C I,SELECTO EXPORTADORES S A C I,SELECTO EXPORTADORES S A C I,ROTHFOS CORPORATION,ROTHFOS CORPORATION,NEUMANN GRUPPE,UNITED STATES,US,UNITED STATES,19022,ALMAGUER,0.4295,0.429484148,1481.96
2020,BRAZIL,BR,SANTOS,210111,COMPANHIA CACIQUE DE CAFE SOLUVEL,COMPANHIA CACIQUE DE CAFE SOLUVEL,COMPANHIA CACIQUE DE CAFE SOLUVEL,UNKNOWN,UNKNOWN,UNKNOWN,NEW ZEALAND,NZ,NEW ZEALAND,BRA.13.147_2,Caratinga,0.5557,0.694583737,1701
2020,BRAZIL,BR,SANTOS,090111,PRATAPEREIRA COMERCIO IMPORTACAO & EXPORTACAO DE CAFE,PRATAPEREIRA,PRATAPEREIRA,ARAFAT COFFEE MILLS,ARAFAT COFFEE MILLS,ARAFAT COFFEE MILLS,JORDAN,JO,JORDAN,BRA.13.347_2,ImbédeMinas,1.7637,1.7636864207494247,2972
2020,BRAZIL,BR,SANTOS,090111,OLAM AGRICOLA LTDA.,OLAM,OLAM,NOVADELTA COMERCIO E INDUSTRIA DE CAFES LDA,NOVADELTA COMERCIO E INDUSTRIA DE CAFES LDA,NOVADELTA COMERCIO E INDUSTRIA DE CAFES LDA,PORTUGAL,PT,EUROPEAN UNION,BRA.8.30_2,Ibatiba,1.6236,1.6235887809282508,3248.94
2020,BRAZIL,BR,SANTOS,090111,CAFEBRAS COMERCIO DE CAFES DO BRASIL,CAFEBRAS COMERCIO DE CAFES DO BRASIL,CAFEBRAS COMERCIO DE CAFES DO BRASIL,COEX COFFEE INTERNATIONAL INC,COEX COFFEE INTERNATIONAL INC,COEX COFFEE INTERNATIONAL INC,CANADA,CA,CANADA,BRA.13.432_2,Lambari,0.2786,0.2785731906095529,666.51
2020,BRAZIL,BR,SANTOS,090111,EISA - EMPRESA INTERAGRICOLA,EISA - EMPRESA INTERAGRICOLA,EISA - EMPRESA INTERAGRICOLA,KING CAR FOOD INDUSTRIAL CO LTD,KING CAR FOOD INDUSTRIAL CO LTD,KING CAR FOOD INDUSTRIAL CO LTD,TAIWAN,TW,TAIWAN,BRA.13.20_2,Alpinópolis,1.8203,1.820283555516567,10646.82
2020,BRAZIL,BR,SANTOS,090111,COOPERATIVA DOS CAFEICULTORES E AGROPECUARISTAS DE IBIRACI L,COOPERATIVA DOS CAFEICULTORES E AGROPECUARISTAS DE IBIRACI L,COOPERATIVA DOS CAFEICULTORES E AGROPECUARISTAS DE IBIRACI L,PRJSC CONCERN KHLIBPROM,PRJSC CONCERN KHLIBPROM,PRJSC CONCERN KHLIBPROM,UKRAINE,UA,UKRAINE,BRA.13.802_2,Tapiraí,0.4109,0.4109411542772336,945.16
2020,BRAZIL,BR,RIO DE JANEIRO,090111,TRISTAO COMERCIO EXTERIOR LTDA,TRISTAO COMERCIO EXTERIOR LTDA,TRISTAO COMERCIO EXTERIOR LTDA,NESTLE,NESTLE,NESTLE,FRANCE,FR,EUROPEAN UNION,BRA.8.37_2,Itarana,17.7964,17.79643614,36809.71
2020,BRAZIL,BR,SANTOS,090111,CENTRAL COMERCIO DE CAFE LTDA,CENTRAL COMERCIO DE CAFE LTDA,CENTRAL COMERCIO DE CAFE LTDA,ARAFAT COFFEE MILLS,ARAFAT COFFEE MILLS,ARAFAT COFFEE MILLS,JORDAN,JO,JORDAN,BRA.13.117_2,Cambuquira,0.6992,0.6991767784151589,1309.22
2020,BRAZIL,BR,SANTOS,090111,DATERRA-ATIVIDADES RURAIS LTDA,DATERRA-ATIVIDADES RURAIS LTDA,DATERRA-ATIVIDADES RURAIS LTDA,IRAKLIS ROUPAS LTD,IRAKLIS ROUPAS LTD,IRAKLIS ROUPAS LTD,GREECE,GR,EUROPEAN UNION,BRA.13.322_2,Guaranésia,0.2081,0.20808460117429042,409.53
2020,BRAZIL,BR,SANTOS,090111,SMC - COMERCIAL E EXPORTADORA DE CAFE S/A,SMC - COMERCIAL E EXPORTADORA DE CAFE S/A,SMC - COMERCIAL E EXPORTADORA DE CAFE S/A,KAFFEHUSET KARLSTAD,KAFFEHUSET KARLSTAD,KAFFEHUSET KARLSTAD,SWEDEN,SE,EUROPEAN UNION,BRA.13.646_2,RioParanaíba,1.5607,1.5606578064349905,3517.84
2020,INDONESIA,ID,BELAWAN,090111,SARIMAKMUR TUNGGALMANDIRI,SARIMAKMUR TUNGGALMANDIRI,SARIMAKMUR TUNGGALMANDIRI,LOUIS DREYFUS,LOUIS DREYFUS,LOUIS DREYFUS,SOUTH KOREA,KR,SOUTH KOREA,11,Aceh,18.593,18.593031678089734,75301.78
2020,BRAZIL,BR,SANTOS,090111,COMEXIM LTDA,COMEXIM,COMEXIM,INTERNATIONAL COFFEE CORP,INTERNATIONAL COFFEE CORP,INTERNATIONAL COFFEE CORP,UNITED STATES,US,UNITED STATES,BRA.13.224_2,Cristais,2.3539,2.3538821637379823,5156.87
2020,BRAZIL,BR,SANTOS,090111,COMEXIM LTDA,COMEXIM,COMEXIM,LUIGI LAVAZZA,LAVAZZA,LAVAZZA,ITALY,IT,EUROPEAN UNION,BRA.13.149_2,Careaçu,1.9731,1.9730706847944561,4578.53
2020,BRAZIL,BR,SANTOS,090111,DSV AIR & SEA BRASIL LTDA,DSV AIR & SEA BRASIL LTDA,DSV AIR & SEA BRASIL LTDA,DSV TRANSPORT & LOGISTICS CO,DSV TRANSPORT & LOGISTICS CO,DSV TRANSPORT & LOGISTICS CO,UKRAINE,UA,UKRAINE,BRA.13.814_2,TrêsCorações,0.8309,0.8308868049515377,1798.33
2020,BRAZIL,BR,SANTOS,090111,COOPERATIVA REGIONAL DE CAFEICULTORES EM GUAXUPE LTDA C,COOXUPE,COOXUPE,RGC COFFEE INC,RGC COFFEE INC,RGC COFFEE INC,CANADA,CA,CANADA,BRA.13.98_2,BuenoBrandão,2.7705,2.7704529932099247,7023.9
2020,BRAZIL,BR,RIO DE JANEIRO,090111,OLAM AGRICOLA LTDA.,OLAM,OLAM,GP2 SHPK,GP2 SHPK,GP2 SHPK,ALBANIA,AL,ALBANIA,BRA.8.42_2,LaranjadaTerra,1.4015,1.4015287937739025,2474.67
2020,COLOMBIA,CO,BUENAVENTURA,210111,FEDERACION NACIONAL DE CAFETEROS DE COLOMBIA,FEDERACION NACIONAL DE CAFETEROS DE COLOMBIA,FEDERACION NACIONAL DE CAFETEROS DE COLOMBIA,UNKNOWN,UNKNOWN,UNKNOWN,UNITED STATES,US,UNITED STATES,41548,PITAL,10.9456,13.681945981426582,109947.9
2020,BRAZIL,BR,SANTOS,090111,CAFEEIRA BREDA LTDA,CAFEEIRA BREDA LTDA,CAFEEIRA BREDA LTDA,P GLOBAL SERVICES NV,P GLOBAL SERVICES NV,P GLOBAL SERVICES NV,BELGIUM,BE,EUROPEAN UNION,BRA.13.629_2,RaulSoares,0.3106,0.3105549329842906,618.79
2020,BRAZIL,BR,SANTOS,090111,EXPOCACCER- COOPERATIVA DOS CAFEICULTORES DO CERRADO LTDA.,EXPOCACCER- COOPERATIVA DOS CAFEICULTORES DO CERRADO LTDA.,EXPOCACCER- COOPERATIVA DOS CAFEICULTORES DO CERRADO LTDA.,OOO COCAR,OOO COCAR,OOO COCAR,RUSSIAN FEDERATION,RU,RUSSIAN FEDERATION,BRA.13.264_2,Durandé,4.0205,4.020500846172422,8419.9
2020,COLOMBIA,CO,BUENAVENTURA,090111,CIA CAFETERA LA MESETA S A,CIA CAFETERA LA MESETA S A,CIA CAFETERA LA MESETA S A,ECOM,ECOM,ECOM,GERMANY,DE,EUROPEAN UNION,25168,CHAGUANÍ,0.6296,0.6296379715055653,2172.5
2020,BRAZIL,BR,SANTOS,090111,COOP.REGIONAL DOS CAFEICULTORES DO VALE DO RIO VERDE LTDA,COOP.REGIONAL DOS CAFEICULTORES DO VALE DO RIO VERDE LTDA,COOP.REGIONAL DOS CAFEICULTORES DO VALE DO RIO VERDE LTDA,NV GROUP SOPEX S A,NV GROUP SOPEX S A,NV GROUP SOPEX S A,ITALY,IT,EUROPEAN UNION,BRA.13.165_2,Cássia,0.4602,0.46021406418405664,1038.14
2020,COLOMBIA,CO,BUENAVENTURA,090111,COMPANIA COLOMBIANA AGROINDUSTRIAL SAS,COMPANIA COLOMBIANA AGROINDUSTRIAL SAS,COMPANIA COLOMBIANA AGROINDUSTRIAL SAS,MARUBENI,MARUBENI,MARUBENI,JAPAN,JP,JAPAN,41378,LA ARGENTINA,0.7373,0.7372549784004996,2609.55
2020,BRAZIL,BR,SANTOS,090111,NOSSA SENHORA DA GUIA-EXPORTADORA DE CAFE LTDA,NOSSA SENHORA DA GUIA-EXPORTADORA DE CAFE LTDA,NOSSA SENHORA DA GUIA-EXPORTADORA DE CAFE LTDA,DEK DEUTSCHE,DEK DEUTSCHE,DEK DEUTSCHE,GERMANY,DE,EUROPEAN UNION,BRA.13.104_2,CaboVerde,0.8068,0.8067545721511268,1834.9
2020,BRAZIL,BR,SANTOS,090111,SELECTA CAFES DO BRASIL LTDA,SELECTA CAFES DO BRASIL LTDA,SELECTA CAFES DO BRASIL LTDA,C STEINWEG,C STEINWEG,C STEINWEG,ITALY,IT,EUROPEAN UNION,BRA.13.272_2,EsperaFeliz,1.5648,1.5648171611804271,3627.64
2020,COLOMBIA,CO,BUENAVENTURA,090111,FEDERACION NACIONAL DE CAFETEROS DE COLOMBIA,FEDERACION NACIONAL DE CAFETEROS DE COLOMBIA,FEDERACION NACIONAL DE CAFETEROS DE COLOMBIA,UNKNOWN,UNKNOWN,UNKNOWN,NORWAY,NO,NORWAY,76036,ANDALUCÍA,1.0404,1.0403920095804031,3598.9
2020,BRAZIL,BR,SANTOS,090111,MITSUI & CO BRAZIL,MITSUI & CO,MITSUI & CO,KUNSHAN SHIYUAN LOGISITCS CO LTD,KUNSHAN SHIYUAN LOGISITCS CO LTD,KUNSHAN SHIYUAN LOGISITCS CO LTD,CHINA (MAINLAND),CN,CHINA (MAINLAND),BRA.25.570_2,SãoSebastiãodaGrama,1.6663,1.666347368945449,4243.96
2020,BRAZIL,BR,SANTOS,090111,NKG STOCKLER,NKG STOCKLER,NEUMANN GRUPPE,BERNHARD ROTHFOS,BERNHARD ROTHFOS,NEUMANN GRUPPE,GERMANY,DE,EUROPEAN UNION,BRA.13.106_2,CachoeiradeMinas,18.0179,18.01793457267615,39026.2
2020,COLOMBIA,CO,BUENAVENTURA,090111,CIA CAFETERA LA MESETA S A,CIA CAFETERA LA MESETA S A,CIA CAFETERA LA MESETA S A,SICRE 20 RUE PAUL VERLAINE,SICRE 20 RUE PAUL VERLAINE,SICRE 20 RUE PAUL VERLAINE,REUNION,RE,REUNION,73152,CASABIANCA,0.2128,0.21282662419020715,700.91
2020,BRAZIL,BR,SANTOS,090111,EISA - EMPRESA INTERAGRICOLA,EISA - EMPRESA INTERAGRICOLA,EISA - EMPRESA INTERAGRICOLA,MESSRS SCHWARZE & CONSORT GMBH,MESSRS SCHWARZE & CONSORT GMBH,MESSRS SCHWARZE & CONSORT GMBH,GERMANY,DE,EUROPEAN UNION,BRA.13.337_2,Ibiraci,1.5812,1.5811587353979941,3521.36
2020,BRAZIL,BR,SANTOS,210111,REALCAFE SOLUVEL DO BRASIL,REALCAFE SOLUVEL DO BRASIL,REALCAFE SOLUVEL DO BRASIL,BOLLORE LOGISTICS,BOLLORE LOGISTICS,BOLLORE LOGISTICS,FRANCE,FR,EUROPEAN UNION,BRA.13.509_2,Muzambinho,0.221,0.2762964808159063,981.94
2020,COLOMBIA,CO,ESPECIAL DE CARTAGENA,090111,S LAUMAYER Y CIA EXPORTADORES DE CAFE S A,S LAUMAYER Y CIA EXPORTADORES DE CAFE S A,S LAUMAYER Y CIA EXPORTADORES DE CAFE S A,LUIGI LAVAZZA,LAVAZZA,LAVAZZA,ITALY,IT,EUROPEAN UNION,68298,GÁMBITA,0.317,0.3170087769144894,1037.04
2020,BRAZIL,BR,SANTOS,090111,ATLANTICA EXPORTACAO E IMPORTACAO,ATLANTICA EXPORTACAO E IMPORTACAO,ATLANTICA EXPORTACAO E IMPORTACAO,STARBUCKS,STARBUCKS,STARBUCKS,UNITED STATES,US,UNITED STATES,BRA.13.562_2,PatosdeMinas,0.3313,0.3313050619823664,720.64
2020,COLOMBIA,CO,BUENAVENTURA,090111,SKN CARIBECAFE LTD,SKN CARIBECAFE LTD,SKN CARIBECAFE LTD,ECOM JAPAN,ECOM,ECOM,JAPAN,JP,JAPAN,19824,TOTORÓ,0.1922,0.1922105582459727,617.16
2020,VIETNAM,VN,CAI MEP PORT - TCIT (VUNG TAU),090111,DAK LAK IMPORT EXPORT COMPANY,DAK LAK IMPORT EXPORT COMPANY,SIMEXCO DAKLAK,NEDCOFFEE BV,NEDCOFFEE,NEDCOFFEE,GERMANY,DE,EUROPEAN UNION,XX,UNKNOWN,64.8,64.8,99338.4
2020,BRAZIL,BR,SANTOS,090111,BLENDCOFFEE COMERCIO EXPORTACAO E IMPORTACAO LTDA,BLENDCOFFEE COMERCIO EXPORTACAO E IMPORTACAO LTDA,BLENDCOFFEE COMERCIO EXPORTACAO E IMPORTACAO LTDA,SPA TOMOCA LABELLE,SPA TOMOCA LABELLE,SPA TOMOCA LABELLE,ALGERIA,DZ,ALGERIA,BRA.13.757_2,SãoSebastiãodaVargemAlegre,0.2145,0.21448351291192144,320.98
2020,COLOMBIA,CO,BUENAVENTURA,090111,ALTAMIRA SUPREMO S A S,ALTAMIRA SUPREMO S A S,ALTAMIRA SUPREMO S A S,MCT USA INC,MCT USA INC,MCT GROUP,UNITED STATES,US,UNITED STATES,41791,TARQUI,0.6374,0.6374189831590804,2372.77
2020,COLOMBIA,CO,ESPECIAL DE CARTAGENA,090111,COOP DEPARTAMENTAL DE CAFICULTORES DEL HUILA LTD,COOP DEPARTAMENTAL DE CAFICULTORES DEL HUILA LTD,COOP DEPARTAMENTAL DE CAFICULTORES DEL HUILA LTD,SUSTAINABLE HARVEST,SUSTAINABLE HARVEST,SUCAFINA,AUSTRALIA,AU,AUSTRALIA,68669,SAN ANDRES,0.3943,0.39433035247694403,1234.01
2020,BRAZIL,BR,SANTOS,090111,EXPOCACCER- COOPERATIVA DOS CAFEICULTORES DO CERRADO LTDA.,EXPOCACCER- COOPERATIVA DOS CAFEICULTORES DO CERRADO LTDA.,EXPOCACCER- COOPERATIVA DOS CAFEICULTORES DO CERRADO LTDA.,NESTLE,NESTLE,NESTLE,RUSSIAN FEDERATION,RU,RUSSIAN FEDERATION,BRA.13.352_2,Inhapim,3.9871,3.9871094969500493,9026.68
2020,BRAZIL,BR,SANTOS,090111,NKG STOCKLER,NKG STOCKLER,NEUMANN GRUPPE,COFFEE PLANET ROASTERY FZE,COFFEE PLANET ROASTERY FZE,COFFEE PLANET ROASTERY FZE,UNITED ARAB EMIRATES,AE,UNITED ARAB EMIRATES,BRA.13.766_2,SãoTomédasLetras,0.1984,0.19840222159278376,386.49
2020,COLOMBIA,CO,BUENAVENTURA,090111,CIA CAFETERA LA MESETA S A,CIA CAFETERA LA MESETA S A,CIA CAFETERA LA MESETA S A,PERNAMBUCO SRL,PERNAMBUCO SRL,PERNAMBUCO SRL,ARGENTINA,AR,ARGENTINA,76736,SEVILLA,0.2305,0.2304786626092664,852.77
2020,BRAZIL,BR,SANTOS,090111,NKG STOCKLER,NKG STOCKLER,NEUMANN GRUPPE,I & M SMITH PTY LTD,I & M SMITH PTY LTD,I & M SMITH PTY LTD,SOUTH AFRICA,ZA,SOUTH AFRICA,BRA.13.119_2,Campanha,2.8342,2.834175692275334,4124.95
2020,BRAZIL,BR,SANTOS,090111,COFCO INTERNATIONAL COMERCIO & ARMAZENAGEM DE GRAOS LTDA,COFCO,COFCO,UNKNOWN,UNKNOWN,UNKNOWN,CHINA (MAINLAND),CN,CHINA (MAINLAND),BRA.13.142_2,Caputira,0.2311,0.23105668464545964,593.06
2020,BRAZIL,BR,SANTOS,090111,DATERRA-ATIVIDADES RURAIS LTDA,DATERRA-ATIVIDADES RURAIS LTDA,DATERRA-ATIVIDADES RURAIS LTDA,KANEMATSU,KANEMATSU,KANEMATSU,JAPAN,JP,JAPAN,BRA.13.282_2,Fama,0.9264,0.9264332769226464,2316.09
2020,BRAZIL,BR,SANTOS,090111,EXPOCACCER- COOPERATIVA DOS CAFEICULTORES DO CERRADO LTDA.,EXPOCACCER- COOPERATIVA DOS CAFEICULTORES DO CERRADO LTDA.,EXPOCACCER- COOPERATIVA DOS CAFEICULTORES DO CERRADO LTDA.,ATLANTIC (USA) LLC,ATLANTIC,ECOM,UNITED STATES,US,UNITED STATES,BRA.13.245_2,Divino,0.8449,0.8449042346121232,1766.84
2020,BRAZIL,BR,SANTOS,090111,ED&F MAN VOLCAFE BRASIL,VOLCAFE,VOLCAFE,ROMANI & C SPA,ROMANI & C SPA,ROMANI & C SPA,ITALY,IT,EUROPEAN UNION,BRA.13.328_2,Guimarânia,1.0957,1.0956533386720777,2521.29
2020,BRAZIL,BR,SANTOS,090111,COOPERATIVA DE CAFEICULTORES E AGROPECUARISTAS,COOPERATIVA DE CAFEICULTORES E AGROPECUARISTAS,COOPERATIVA DE CAFEICULTORES E AGROPECUARISTAS,C STEINWEG,C STEINWEG,C STEINWEG,BELGIUM,BE,EUROPEAN UNION,BRA.13.76_2,BoaEsperança,0.9212,0.9211852214621906,1947.84
2020,COLOMBIA,CO,BUENAVENTURA,090111,COOP DEPARTAMENTAL DE CAFICULTORES DEL HUILA LTD,COOP DEPARTAMENTAL DE CAFICULTORES DEL HUILA LTD,COOP DEPARTAMENTAL DE CAFICULTORES DEL HUILA LTD,PARKWOOD & CAVANAUGH LTD,PARKWOOD & CAVANAUGH LTD,PARKWOOD & CAVANAUGH LTD,CANADA,CA,CANADA,66088,BELÉN DE UMBRÍA,0.2253,0.2252591054058443,691.77
2020,BRAZIL,BR,SANTOS,090111,VOLCAFE LTD,VOLCAFE,VOLCAFE,LUIGI LAVAZZA,LAVAZZA,LAVAZZA,ITALY,IT,EUROPEAN UNION,BRA.13.725_2,SãoGotardo,0.6786,0.6786335150271845,1573.2
2020,COLOMBIA,CO,BUENAVENTURA,090111,COFCO COLOMBIA S A S,COFCO,COFCO,LANGDON COFFEE MERCHANTS LTDA,LANGDON COFFEE MERCHANTS LTDA,LANGDON COFFEE MERCHANTS LTDA,AUSTRALIA,AU,AUSTRALIA,19256,EL TAMBO,3.3841,3.384077935710866,12316.24
2020,COLOMBIA,CO,BUENAVENTURA,090111,COOP DEPARTAMENTAL DE CAFICULTORES DEL HUILA LTD,COOP DEPARTAMENTAL DE CAFICULTORES DEL HUILA LTD,COOP DEPARTAMENTAL DE CAFICULTORES DEL HUILA LTD,SUSTAINABLE HARVEST,SUSTAINABLE HARVEST,SUCAFINA,UNITED STATES,US,UNITED STATES,73861,VENADILLO,2.0412,2.041246799640544,7211.62
2020,BRAZIL,BR,SANTOS,090111,LOUIS DREYFUS COMPANY BRASIL S.A.,LOUIS DREYFUS,LOUIS DREYFUS,ALOIS DALLMAYR KAFFEE,DALLMAYR,DALLMAYR,GERMANY,DE,EUROPEAN UNION,BRA.13.698_2,SantoAntôniodoAmparo,2.6421,2.642067398778826,6059.12
2020,BRAZIL,BR,SANTOS,090111,B&M LOGISTICA INTERNACIONAL LTDA,B&M LOGISTICA INTERNACIONAL LTDA,B&M LOGISTICA INTERNACIONAL LTDA,MESCO ULUSLARARASI TAS IMACILIK ITH IHR TIC LTD,MESCO ULUSLARARASI TAS IMACILIK ITH IHR TIC LTD,MESCO ULUSLARARASI TAS IMACILIK ITH IHR TIC LTD,TURKEY,TR,TURKEY,BRA.13.85_2,BomSucesso,1.0742,1.0741531495035548,2143.64
2020,BRAZIL,BR,SANTOS,090111,PRATAPEREIRA COMERCIO IMPORTACAO & EXPORTACAO DE CAFE,PRATAPEREIRA,PRATAPEREIRA,PARIS DST,PARIS DST,PARIS DST,SERBIA,RS,SERBIA,BRA.13.509_2,Muzambinho,0.3835,0.38351674985452205,2243.19
2020,BRAZIL,BR,SANTOS,090111,"UNION TRADING COMERCIO, IMPORTACAO E EXPORTACAO LTDA","UNION TRADING COMERCIO, IMPORTACAO E EXPORTACAO LTDA","UNION TRADING COMERCIO, IMPORTACAO E EXPORTACAO LTDA",INICIATIVAS COMERCIALES NAVARRAS SA,INICIATIVAS COMERCIALES NAVARRAS SA,INICIATIVAS COMERCIALES NAVARRAS SA,SPAIN,ES,EUROPEAN UNION,BRA.13.25_2,Alvarenga,0.7406,0.7406142105950071,1504
2020,BRAZIL,BR,SANTOS,090111,"FAL CAFE COMERCIO, EXPORTACAO E IMPORTACAO DE CAFE LTDA","FAL CAFE COMERCIO, EXPORTACAO E IMPORTACAO DE CAFE LTDA","FAL CAFE COMERCIO, EXPORTACAO E IMPORTACAO DE CAFE LTDA",GAMSUNG INTERNATIONAL CO LTD,GAMSUNG INTERNATIONAL CO LTD,GAMSUNG INTERNATIONAL CO LTD,SOUTH KOREA,KR,SOUTH KOREA,BRA.13.740_2,SãoJosédaBarra,0.5833,0.5833058451827228,1392.55
2020,COLOMBIA,CO,BUENAVENTURA,090111,SUCDEN COLOMBIA,SUCDEN COLOMBIA,SUCDEN COLOMBIA,NESTLE JAPAN LTD,NESTLE,NESTLE,JAPAN,JP,JAPAN,41357,ÍQUIRA,1.864,1.8640204256134403,6832.07
2020,BRAZIL,BR,SANTOS,090111,COOPERATIVA REGIONAL DE CAFEICULTORES EM GUAXUPE LTDA C,COOXUPE,COOXUPE,LUIGI LAVAZZA,LAVAZZA,LAVAZZA,ITALY,IT,EUROPEAN UNION,BRA.13.270_2,Ervália,26.8688,26.868761982798645,74823.41
2020,COLOMBIA,CO,BUENAVENTURA,090111,SKN CARIBECAFE LTD,SKN CARIBECAFE LTD,SKN CARIBECAFE LTD,DESCAFEINADORES MEXICANOS,DESCAFEINADORES MEXICANOS,ECOM,MEXICO,MX,MEXICO,17524,PALESTINA,0.3442,0.3442003155497449,1182.23
2020,BRAZIL,BR,SANTOS,210111,NESTLE BRASIL LTDA,NESTLE,NESTLE,NESTLE,NESTLE,NESTLE,NETHERLANDS,NL,EUROPEAN UNION,BRA.13.23_2,AltoJequitibá,0.1578,0.1972612090691917,1084.33
2020,BRAZIL,BR,SANTOS,090111,VELOSO CAFE DO CERRADO EXPORTACAO E IMPORTACAO LTDA - EPP,VELOSO CAFE DO CERRADO EXPORTACAO E IMPORTACAO LTDA - EPP,VELOSO CAFE DO CERRADO EXPORTACAO E IMPORTACAO LTDA - EPP,HAMBURG COFFEE COMPANY,HACOFCO,HACOFCO,GERMANY,DE,EUROPEAN UNION,BRA.13.120_2,Campestre,4.2346,4.234586639,9565.58
2020,COLOMBIA,CO,ESPECIAL DE CARTAGENA,090111,SOCIEDAD EXPORTADORA CAFE DE COOPERATIVAS DE CAFICULTORES SA,SOCIEDAD EXPORTADORA CAFE DE COOPERATIVAS DE CAFICULTORES SA,SOCIEDAD EXPORTADORA CAFE DE COOPERATIVAS DE CAFICULTORES SA,KEURIG CANADA,KEURIG CANADA,KEURIG CANADA,CANADA,CA,CANADA,17513,PÁCORA,1.1574,1.1573968203898048,4428.3
2020,BRAZIL,BR,SANTOS,090111,SUNTRANS,SUNTRANS,SUNTRANS,HANARO TNS,HANARO TNS,HANARO TNS,SOUTH KOREA,KR,SOUTH KOREA,BRA.13.124_2,CampodoMeio,2.0986,2.0986175669772607,4800.07
2020,BRAZIL,BR,SANTOS,090111,VELOSO CAFE DO CERRADO EXPORTACAO E IMPORTACAO LTDA - EPP,VELOSO CAFE DO CERRADO EXPORTACAO E IMPORTACAO LTDA - EPP,VELOSO CAFE DO CERRADO EXPORTACAO E IMPORTACAO LTDA - EPP,MOLENBERGNATIE,MOLENBERGNATIE,MOLENBERGNATIE,BELGIUM,BE,EUROPEAN UNION,BRA.13.293_2,FortalezadeMinas,1.3194,1.3193786927974989,2970.64
2020,INDONESIA,ID,PANJANG,090111,INDOKOM CITRAPERSADA,INDOKOM CITRAPERSADA,INDOKOM CITRAPERSADA,WINSLOW GROUP AD,WINSLOW GROUP AD,WINSLOW GROUP AD,GREECE,GR,EUROPEAN UNION,18,Lampung,36.0673,36.06731813196424,57599.51
2020,BRAZIL,BR,SANTOS,090111,"UNION TRADING COMERCIO, IMPORTACAO E EXPORTACAO LTDA","UNION TRADING COMERCIO, IMPORTACAO E EXPORTACAO LTDA","UNION TRADING COMERCIO, IMPORTACAO E EXPORTACAO LTDA",KAFFEHUSET KARLSTAD,KAFFEHUSET KARLSTAD,KAFFEHUSET KARLSTAD,SWEDEN,SE,EUROPEAN UNION,BRA.13.322_2,Guaranésia,0.2357,0.23569631482761585,522.46
2020,BRAZIL,BR,SANTOS,090111,EISA - EMPRESA INTERAGRICOLA,EISA - EMPRESA INTERAGRICOLA,EISA - EMPRESA INTERAGRICOLA,LIMITED LIABILITY COMPANY SANTINO,LIMITED LIABILITY COMPANY SANTINO,LIMITED LIABILITY COMPANY SANTINO,FINLAND,FI,EUROPEAN UNION,BRA.13.98_2,BuenoBrandão,0.7701,0.7701257837041456,1891.91
2020,BRAZIL,BR,SANTOS,090111,COOPERATIVA DOS CAFEICULTORES DA ZONA DE VARGINHA LTDA,COOPERATIVA DOS CAFEICULTORES DA ZONA DE VARGINHA LTDA,COOPERATIVA DOS CAFEICULTORES DA ZONA DE VARGINHA LTDA,HACO ASIA PACIFIC SDN BHD,HACO ASIA PACIFIC SDN BHD,HACO ASIA PACIFIC SDN BHD,MALAYSIA,MY,MALAYSIA,BRA.13.90_2,Botelhos,1.0766,1.0766340559051064,2314.41
2020,COLOMBIA,CO,ESPECIAL DE CARTAGENA,090111,SUCAFINA COLOMBIA S A S,SUCAFINA,SUCAFINA,NESTLE NESPRESSO,NESTLE,NESTLE,BELGIUM,BE,EUROPEAN UNION,54109,BUCARASICA,0.49,0.490022963,1978
2020,BRAZIL,BR,RIO DE JANEIRO,090111,NICCHIO SOBRINHO CAFE S/A,NICCHIO SOBRINHO CAFE S/A,NICCHIO SOBRINHO CAFE S/A,MCGRECOF SA,MCGRECOF SA,MCGRECOF SA,BELGIUM,BE,EUROPEAN UNION,BRA.8.76_2,VilaValério,2.8579,2.8579041203151863,6916.4
2020,COLOMBIA,CO,BUENAVENTURA,090111,MASTERCOL TRADING SAS,MASTERCOL TRADING SAS,MASTERCOL TRADING SAS,CAFE VITTORIA INC,CAFE VITTORIA INC,CAFE VITTORIA INC,CANADA,CA,CANADA,41319,GUADALUPE,0.5954,0.5954338602472409,2444.54
2020,BRAZIL,BR,SANTOS,090111,EXPORTADORA DE CAFE GUAXUPE LTDA,EXPORTADORA DE CAFE GUAXUPE LTDA,EXPORTADORA DE CAFE GUAXUPE LTDA,STARBUCKS COFFEE TRADING,STARBUCKS,STARBUCKS,UNITED STATES,US,UNITED STATES,BRA.13.120_2,Campestre,21.1756,21.175611618328126,45711.75
2020,COLOMBIA,CO,BUENAVENTURA,090111,OLAM,OLAM,OLAM,EDIYA CO LTD,EDIYA CO LTD,EDIYA CO LTD,SOUTH KOREA,KR,SOUTH KOREA,17272,FILADELFIA,0.5493,0.5492542837020059,1944.36
2020,BRAZIL,BR,SANTOS,090111,PRATAPEREIRA COMERCIO IMPORTACAO & EXPORTACAO DE CAFE,PRATAPEREIRA,PRATAPEREIRA,KONINKLIJKE DOUWE EGBERTS,JACOBS DOUWE EGBERTS,JDE PEETS,SPAIN,ES,EUROPEAN UNION,BRA.13.264_2,Durandé,0.2803,0.28029265295251826,555.29
2020,PERU,PE,PUERTO DEL CALLAO,090111,PERALES HUANCARUNA S.A.C.,PERALES HUANCARUNA S.A.C.,PERALES HUANCARUNA S.A.C.,UNKNOWN,UNKNOWN,UNKNOWN,AUSTRALIA,AU,AUSTRALIA,2205,LAMAS,0.6653,0.665327472,1988.22
2020,BRAZIL,BR,SANTOS,090111,NKG STOCKLER,NKG STOCKLER,NEUMANN GRUPPE,BERNHARD ROTHFOS,BERNHARD ROTHFOS,NEUMANN GRUPPE,SPAIN,ES,EUROPEAN UNION,BRA.13.624_2,PresidenteOlegário,2.7587,2.758683828637293,5400.42
2020,COLOMBIA,CO,BUENAVENTURA,090111,F F T COLOMBIA S A,F F T COLOMBIA S A,F F T COLOMBIA S A,OLAM AMERICAS,OLAM,OLAM,UNITED STATES,US,UNITED STATES,76828,TRUJILLO,0.2661,0.26609577843990206,5242.55
2020,COLOMBIA,CO,ESPECIAL DE CARTAGENA,090111,SOCIEDAD EXPORTADORA CAFE DE COOPERATIVAS DE CAFICULTORES SA,SOCIEDAD EXPORTADORA CAFE DE COOPERATIVAS DE CAFICULTORES SA,SOCIEDAD EXPORTADORA CAFE DE COOPERATIVAS DE CAFICULTORES SA,FINLAY BEVERAGES LTD,FINLAY BEVERAGES LTD,FINLAY BEVERAGES LTD,UNITED KINGDOM,GB,UNITED KINGDOM,15621,RONDÓN,0.2263,0.22627946820813657,859.68
2020,BRAZIL,BR,SANTOS,090111,UNICAFE COMPANHIA DE COMERCIO EXTERIOR,UNICAFE COMPANHIA DE COMERCIO EXTERIOR,UNICAFE COMPANHIA DE COMERCIO EXTERIOR,SOUHEIL FAKHRAN FOODS SAL,SOUHEIL FAKHRAN FOODS SAL,SOUHEIL FAKHRAN FOODS SAL,LEBANON,LB,LEBANON,BRA.13.207_2,Coqueiral,0.5867,0.5867380371905634,938.05
2020,COLOMBIA,CO,BUENAVENTURA,090111,RACAFE & CIA S C A,RACAFE & CIA S C A,RACAFE & CIA S C A,KOREA LOGISTICS CO LTD,KOREA LOGISTICS CO LTD,KOREA LOGISTICS CO LTD,SOUTH KOREA,KR,SOUTH KOREA,63690,SALENTO,0.222,0.22197732951312543,793.53
2020,COLOMBIA,CO,BUENAVENTURA,090111,SUCDEN COLOMBIA,SUCDEN COLOMBIA,SUCDEN COLOMBIA,AMERICAN COFFEE,AMERICAN COFFEE,HACOFCO,CANADA,CA,CANADA,41551,PITALITO,0.9523,0.9523090019428284,3233.2
2020,COLOMBIA,CO,BUENAVENTURA,090111,LOUIS DREYFUS CIA COL S A S,LOUIS DREYFUS,LOUIS DREYFUS,ITOCHI CORP COFFEE DEPT,ITOCHI CORP COFFEE DEPT,ITOCHI CORP COFFEE DEPT,JAPAN,JP,JAPAN,41306,GIGANTE,5.495,5.494985662,19251.57
2020,BRAZIL,BR,RIO DE JANEIRO,090111,LOUIS DREYFUS COMPANY BRASIL S.A.,LOUIS DREYFUS,LOUIS DREYFUS,KONINKLIJKE DOUWE EGBERTS,JACOBS DOUWE EGBERTS,JDE PEETS,GERMANY,DE,EUROPEAN UNION,BRA.8.26_2,Fundão,77.6542,77.65424853598168,167698.6
2020,COLOMBIA,CO,BUENAVENTURA,090111,SUCAFINA COLOMBIA S A S,SUCAFINA,SUCAFINA,COFFEE CHANGGO,COFFEE CHANGGO,COFFEE CHANGGO,SOUTH KOREA,KR,SOUTH KOREA,63130,CALARCA,0.3306,0.3305982262833513,1164.32
2020,BRAZIL,BR,SANTOS,090111,SUCAFINA BRASIL,SUCAFINA,SUCAFINA,ARVID NORDQUIST,ARVID NORDQUIST,ARVID NORDQUIST,SWEDEN,SE,EUROPEAN UNION,BRA.13.591_2,Pimenta,0.5512,0.5512312239152667,1240.38
2020,BRAZIL,BR,SANTOS,090111,BOURBON SPECIALTY COFFEES,BOURBON SPECIALTY COFFEES,ECOM,RUTH COFFEE,RUTH COFFEE,RUTH COFFEE,ISRAEL,IL,ISRAEL,BRA.13.605_2,PoçoFundo,0.2557,0.2557287419871616,572.23
2020,BRAZIL,BR,SANTOS,090111,COLUMBIA TRADING,COLUMBIA TRADING,COLUMBIA TRADING,LUIGI LAVAZZA,LAVAZZA,LAVAZZA,ITALY,IT,EUROPEAN UNION,BRA.13.685_2,SantaRitadoSapucaí,13.6943,13.694252770194328,31513.26
2020,BRAZIL,BR,SANTOS,090111,CAFEBRAS COMERCIO DE CAFES DO BRASIL,CAFEBRAS COMERCIO DE CAFES DO BRASIL,CAFEBRAS COMERCIO DE CAFES DO BRASIL,TRC SPECIALTY COMMODITIES,TRC GROUP,TRC GROUP,UNITED KINGDOM,GB,UNITED KINGDOM,BRA.13.732_2,SãoJoãodoManhuaçu,0.2257,0.2257209342746964,470.65